response_status,region,area,cabang,skala_usaha,sektor,status_debitur
completed,Surabaya Niaga,SME Banking Center Surabaya Niaga,,Menengah,Konstruksi,Debitur
completed,Surabaya Niaga,SME Banking Center Surabaya Niaga,,Menengah,Lainnya,Debitur
completed,Surabaya Niaga,SME Banking Center Surabaya Niaga,,Menengah,Lainnya,Debitur
completed,Surabaya Niaga,SME Banking Center Surabaya Niaga,,Kecil,Lainnya,Debitur
completed,Denpasar,SME Banking Center Denpasar,,Kecil,Penyediaan Akomodasi dan Penyediaan Makan Minum,Debitur
completed,Denpasar,SME Banking Center Denpasar,,Menengah,Industri Pengolahan,Debitur
completed,Denpasar,SME Banking Center Denpasar,,Menengah,Perdagangan,Debitur
completed,Surabaya Niaga,SME Banking Center Surabaya Niaga,,Kecil,Pertanian dan Perkebunan,Debitur
completed,Surabaya Niaga,SME Banking Center Surabaya Niaga,,Kecil,Perdagangan,Debitur
completed,Bandung Asia Afrika,SME Banking Floor Cirebon,,Kecil,Perdagangan,Debitur
completed,Pontianak,SME Banking Center Pontianak,,Kecil,Lainnya,Debitur
completed,Bandung Surapati,SME Banking Center Bandung Surapati,,Kecil,Industri Pengolahan,Debitur
completed,Region VII  - Jawa II,Magelang,18500,Kecil,Perdagangan,Non-Debitur
completed,Makassar,SME Banking Center Makassar,,Kecil,Lainnya,Debitur
completed,Surabaya Pemuda,SME Banking Floor Jember,,Kecil,Perdagangan,Debitur
completed,Jakarta Jatinegara Timur,SME Banking Center Jakarta Jatinegara Timur,,Menengah,Lainnya,Debitur
completed,Surabaya Pemuda,SME Banking Floor Jember,,Menengah,Pertanian dan Perkebunan,Debitur
completed,Jayapura,SME Banking Floor Sorong,,Menengah,Perdagangan,Debitur
completed,Surabaya Niaga,SME Banking Floor Kediri,,Kecil,Pertanian dan Perkebunan,Debitur
completed,Palembang,SME Banking Floor Pangkalpinang,,Kecil,Perdagangan,Debitur
completed,Surabaya Niaga,SME Banking Floor Kediri,,Menengah,Lainnya,Debitur
completed,Palembang,SME Banking Center Palembang,,Kecil,Lainnya,Debitur
completed,Surabaya Niaga,SME Banking Center Surabaya Niaga,,Kecil,Perdagangan,Debitur
completed,Surabaya Niaga,SME Banking Floor Kediri,,Menengah,Pertanian dan Perkebunan,Debitur
completed,Surabaya Niaga,SME Banking Floor Gresik,,Kecil,Lainnya,Debitur
completed,Surabaya Niaga,SME Banking Floor Kediri,,Menengah,Industri Pengolahan,Debitur
completed,Surabaya Niaga,SME Banking Floor Kediri,,Menengah,Perdagangan,Debitur
completed,Surabaya Niaga,SME Banking Floor Kediri,,Menengah,Industri Pengolahan,Debitur
completed,Surabaya Niaga,SME Banking Floor Gresik,,Kecil,Lainnya,Debitur
completed,Palembang,SME Banking Center Palembang,,Menengah,Konstruksi,Debitur
completed,Jambi,SME Banking Center Jambi,,Kecil,Perdagangan,Debitur
completed,Palembang,SME Banking Center Palembang,,Kecil,Pertanian dan Perkebunan,Debitur
completed,Palembang,SME Banking Center Palembang,,Menengah,Pertanian dan Perkebunan,Debitur
completed,Palembang,SME Banking Desk Tanjung Pandan,,Kecil,Perdagangan,Debitur
completed,Surabaya Niaga,SME Banking Floor Kediri,,Menengah,Lainnya,Debitur
completed,Jambi,SME Banking Center Jambi,,Menengah,Perdagangan,Debitur
completed,Palembang,SME Banking Center Palembang,,Kecil,Pertanian dan Perkebunan,Debitur
completed,Palembang,SME Banking Desk Tanjung Pandan,,Kecil,Pertanian dan Perkebunan,Debitur
completed,Palembang,SME Banking Center Palembang,,Kecil,Industri Pengolahan,Debitur
completed,Jambi,SME Banking Center Jambi,,Menengah,Perdagangan,Debitur
completed,Jambi,SME Banking Floor Padang,,Menengah,Perdagangan,Debitur
completed,Palembang,SME Banking Center Palembang,,Kecil,Perdagangan,Debitur
completed,Samarinda,SME Banking Floor Balikpapan,,Kecil,Konstruksi,Debitur
completed,Palembang,SME Banking Center Palembang,,Menengah,Konstruksi,Debitur
completed,Jambi,SME Banking Floor Padang,,Kecil,Perdagangan,Debitur
completed,Bandung Surapati,SME Banking Floor Sukabumi,,Menengah,Industri Pengolahan,Debitur
completed,Jambi,SME Banking Floor Padang,,Kecil,Perdagangan,Debitur
completed,Jambi,SME Banking Floor Padang,,Kecil,Perdagangan,Debitur
completed,Surabaya Niaga,SME Banking Floor Gresik,,Kecil,Penyediaan Akomodasi dan Penyediaan Makan Minum,Debitur
completed,Surabaya Niaga,SME Banking Floor Gresik,,Kecil,Perdagangan,Debitur
completed,Palembang,SME Banking Center Palembang,,Menengah,Perdagangan,Debitur
completed,Palembang,SME Banking Center Palembang,,Menengah,Konstruksi,Debitur
completed,Surabaya Niaga,SME Banking Floor Kediri,,Menengah,Perdagangan,Debitur
completed,Palembang,SME Banking Floor Palembang Sudirman,,Menengah,Konstruksi,Debitur
completed,Surabaya Niaga,SME Banking Floor Kediri,,Menengah,Konstruksi,Debitur
completed,Surabaya Niaga,SME Banking Floor Kediri,,Menengah,Perdagangan,Debitur
completed,Surabaya Niaga,SME Banking Floor Kediri,,Menengah,Perdagangan,Debitur
completed,Surabaya Niaga,SME Banking Floor Gresik,,Kecil,Perdagangan,Debitur
completed,Region VIII - Jawa III,Kediri,17176,Menengah,Perdagangan,Non-Debitur
completed,Surabaya Niaga,SME Banking Center Surabaya Niaga,,Kecil,Industri Pengolahan,Debitur
completed,Jambi,SME Banking Center Jambi,,Menengah,Perdagangan,Debitur
completed,Surabaya Niaga,SME Banking Floor Kediri,,Menengah,Perdagangan,Debitur
completed,Jambi,SME Banking Floor Padang,,Menengah,Konstruksi,Debitur
completed,Palembang,SME Banking Center Palembang,,Kecil,Perdagangan,Debitur
completed,Surabaya Niaga,SME Banking Floor Kediri,,Menengah,Perdagangan,Debitur
completed,Palembang,SME Banking Center Palembang,,Menengah,Perdagangan,Debitur
completed,Palembang,SME Banking Floor Palembang Sudirman,,Kecil,Perdagangan,Debitur
completed,Surabaya Niaga,SME Banking Center Surabaya Niaga,,Menengah,Penyediaan Akomodasi dan Penyediaan Makan Minum,Debitur
completed,Surabaya Niaga,SME Banking Floor Kediri,,Menengah,Perdagangan,Debitur
completed,Palembang,SME Banking Center Palembang,,Kecil,Penyediaan Akomodasi dan Penyediaan Makan Minum,Debitur
completed,Surabaya Niaga,SME Banking Floor Kediri,,Menengah,Perdagangan,Debitur
completed,Surabaya Niaga,SME Banking Floor Kediri,,Menengah,Perdagangan,Debitur
completed,Surabaya Niaga,SME Banking Floor Kediri,,Menengah,Industri Pengolahan,Debitur
completed,Surabaya Niaga,SME Banking Floor Gresik,,Kecil,Perdagangan,Debitur
completed,Palembang,SME Banking Center Palembang,,Menengah,Lainnya,Debitur
completed,Jakarta Pulogadung,SME Banking Center Jakarta Pulogadung,,Kecil,Perdagangan,Debitur
completed,Surabaya Niaga,SME Banking Floor Kediri,,Menengah,Perdagangan,Debitur
completed,Palembang,SME Banking Center Palembang,,Kecil,Penyediaan Akomodasi dan Penyediaan Makan Minum,Debitur
completed,Jambi,SME Banking Floor Padang,,Menengah,Lainnya,Debitur
completed,Surabaya Niaga,SME Banking Floor Kediri,,Kecil,Lainnya,Debitur
completed,Surabaya Niaga,SME Banking Floor Kediri,,Kecil,Perdagangan,Debitur
completed,Jambi,SME Banking Floor Padang,,Menengah,Perdagangan,Debitur
completed,Region II   - Sumatra II,Tanjung Pandan,16901,Kecil,Industri Pengolahan,Non-Debitur
completed,Pontianak,SME Banking Desk Ketapang,,Menengah,Perdagangan,Debitur
completed,Surabaya Niaga,SME Banking Floor Kediri,,Kecil,Pertanian dan Perkebunan,Debitur
completed,Surabaya Niaga,SME Banking Floor Kediri,,Menengah,Perdagangan,Debitur
completed,Surabaya Niaga,SME Banking Floor Kediri,,Kecil,Lainnya,Debitur
completed,Pontianak,SME Banking Desk Ketapang,,Menengah,Perdagangan,Debitur
completed,Palembang,SME Banking Center Palembang,,Menengah,Perdagangan,Debitur
completed,Surabaya Niaga,SME Banking Floor Kediri,,Menengah,Perdagangan,Debitur
completed,Surabaya Niaga,SME Banking Floor Gresik,,Menengah,Perdagangan,Debitur
completed,Surabaya Niaga,SME Banking Floor Kediri,,Kecil,Perdagangan,Debitur
completed,Surabaya Niaga,SME Banking Floor Kediri,,Menengah,Perdagangan,Debitur
completed,Surabaya Niaga,SME Banking Floor Kediri,,Kecil,Lainnya,Debitur
completed,Surabaya Niaga,SME Banking Floor Kediri,,Kecil,Perdagangan,Debitur
completed,Surabaya Niaga,SME Banking Floor Kediri,,Menengah,Industri Pengolahan,Debitur
completed,Palembang,SME Banking Center Palembang,,Menengah,Industri Pengolahan,Debitur
completed,Surabaya Niaga,SME Banking Floor Kediri,,Kecil,Konstruksi,Debitur
completed,Surabaya Niaga,SME Banking Floor Kediri,,Menengah,Industri Pengolahan,Debitur
completed,Region III  - Jakarta I,Area Jakarta Daan Mogot,11824,Kecil,Lainnya,Non-Debitur
completed,Surabaya Niaga,SME Banking Floor Gresik,,Menengah,Lainnya,Debitur
completed,Jakarta Pulogadung,SME Banking Center Jakarta Pulogadung,,Menengah,Industri Pengolahan,Debitur
completed,Surabaya Niaga,SME Banking Floor Gresik,,Menengah,Perdagangan,Debitur
completed,Surabaya Niaga,SME Banking Floor Kediri,,Kecil,Pertanian dan Perkebunan,Debitur
completed,Surabaya Niaga,SME Banking Floor Kediri,,Kecil,Perdagangan,Debitur
completed,Jakarta Pulogadung,SME Banking Center Jakarta Pulogadung,,Kecil,Lainnya,Debitur
completed,Jambi,SME Banking Floor Padang,,Menengah,Perdagangan,Debitur
completed,Surabaya Niaga,SME Banking Center Surabaya Niaga,,Kecil,Perdagangan,Debitur
completed,Jambi,SME Banking Center Jambi,,Menengah,Pertanian dan Perkebunan,Debitur
completed,Jambi,SME Banking Center Jambi,,Kecil,Pertanian dan Perkebunan,Debitur
completed,Surabaya Niaga,SME Banking Floor Kediri,,Kecil,Perdagangan,Debitur
completed,Surabaya Niaga,SME Banking Floor Kediri,,Kecil,Perdagangan,Debitur
completed,Jambi,SME Banking Floor Padang,,Menengah,Lainnya,Debitur
completed,Jambi,SME Banking Floor Padang,,Menengah,Perdagangan,Debitur
completed,Surabaya Niaga,SME Banking Floor Gresik,,Kecil,Perdagangan,Debitur
completed,Surabaya Niaga,SME Banking Floor Gresik,,Menengah,Industri Pengolahan,Debitur
completed,Surabaya Niaga,SME Banking Floor Kediri,,Menengah,Perdagangan,Debitur
completed,Denpasar,SME Banking Floor Kupang,,Kecil,Pertanian dan Perkebunan,Debitur
completed,Region III  - Jakarta I,CILEGON,16306,Kecil,Perdagangan,Non-Debitur
completed,Surabaya Niaga,SME Banking Floor Kediri,,Kecil,Perdagangan,Debitur
completed,Surabaya Niaga,SME Banking Floor Kediri,,Menengah,Perdagangan,Debitur
completed,Surabaya Niaga,SME Banking Floor Kediri,,Kecil,Perdagangan,Debitur
completed,Bandung Surapati,SME Banking Floor Sukabumi,,Menengah,Perdagangan,Debitur
completed,Surabaya Niaga,SME Banking Center Surabaya Niaga,,Kecil,Perdagangan,Debitur
completed,Denpasar,SME Banking Floor Kupang,,Menengah,Perdagangan,Debitur
completed,Surabaya Niaga,SME Banking Floor Gresik,,Menengah,Lainnya,Debitur
completed,Surabaya Niaga,SME Banking Center Surabaya Niaga,,Kecil,Perdagangan,Debitur
completed,Surabaya Niaga,SME Banking Floor Gresik,,Kecil,Perdagangan,Debitur
completed,Yogyakarta,SME Banking Center Yogyakarta,,Kecil,Penyediaan Akomodasi dan Penyediaan Makan Minum,Debitur
completed,Bandung Asia Afrika,SME Banking Floor Karawang,,Kecil,Konstruksi,Debitur
completed,Denpasar,SME Banking Floor Kupang,,Menengah,Pertanian dan Perkebunan,Debitur
completed,Makassar,SME Banking Floor Pare Pare,,Kecil,Perdagangan,Debitur
completed,Region X    - Sulawesi-Maluku,Palu,15101,Kecil,Lainnya,Non-Debitur
completed,Bandung Asia Afrika,SME Banking Floor Karawang,,Menengah,Penyediaan Akomodasi dan Penyediaan Makan Minum,Debitur
completed,Surabaya Pemuda,SME Banking Floor Jember,,Kecil,Pertanian dan Perkebunan,Debitur
completed,Region X    - Sulawesi-Maluku,Palu,15175,Kecil,Penyediaan Akomodasi dan Penyediaan Makan Minum,Non-Debitur
completed,Region VI   - Jawa I,Karawang,173,Kecil,Pertanian dan Perkebunan,Non-Debitur
completed,Surabaya Pemuda,SME Banking Floor Jember,,Kecil,Perdagangan,Debitur
completed,Region X    - Sulawesi-Maluku,Palu,15175,Kecil,Pertanian dan Perkebunan,Non-Debitur
completed,Pontianak,SME Banking Center Pontianak,,Menengah,Konstruksi,Debitur
completed,Surabaya Niaga,SME Banking Floor Gresik,,Kecil,Lainnya,Debitur
completed,Bandung Asia Afrika,SME Banking Floor Karawang,,Kecil,Perdagangan,Debitur
completed,Surabaya Niaga,SME Banking Floor Gresik,,Menengah,Pertanian dan Perkebunan,Debitur
completed,Region VI   - Jawa I,Karawang,173,Menengah,Lainnya,Non-Debitur
completed,Surabaya Pemuda,SME Banking Floor Surabaya Gentengkali,,Kecil,Perdagangan,Debitur
completed,Region VI   - Jawa I,Bandung Surapati,13101,Kecil,Perdagangan,Non-Debitur
completed,Surabaya Pemuda,SME Banking Center Surabaya Pemuda,,Kecil,Lainnya,Debitur
completed,Region X    - Sulawesi-Maluku,Makassar,15243,Kecil,Perdagangan,Non-Debitur
completed,Surabaya Pemuda,SME Banking Floor Surabaya Gentengkali,,Menengah,Konstruksi,Debitur
completed,Surabaya Pemuda,SME Banking Center Surabaya Pemuda,,Kecil,Perdagangan,Debitur
completed,Surabaya Pemuda,SME Banking Floor Jember,,Kecil,Pertanian dan Perkebunan,Debitur
completed,Region VIII - Jawa III,Surabaya Pemuda,14206,Kecil,Industri Pengolahan,Non-Debitur
completed,Region III  - Jakarta I,Tangerang Bintaro,16408,Kecil,Perdagangan,Non-Debitur
completed,Region VIII - Jawa III,Surabaya Pemuda,14200,Kecil,Konstruksi,Non-Debitur
completed,Surabaya Pemuda,SME Banking Center Surabaya Pemuda,,Menengah,Lainnya,Debitur
completed,Makassar,SME Banking Center Makassar,,Kecil,Perdagangan,Debitur
completed,Region X    - Sulawesi-Maluku,parepare,17009,Menengah,Lainnya,Non-Debitur
completed,Region X    - Sulawesi-Maluku,150,15002,Kecil,Perdagangan,Non-Debitur
completed,Surabaya Pemuda,SME Banking Center Surabaya Pemuda,,Menengah,Perdagangan,Debitur
completed,Region X    - Sulawesi-Maluku,Manado,15002,Kecil,Perdagangan,Non-Debitur
completed,Region X    - Sulawesi-Maluku,Palu,15180,Kecil,Perdagangan,Non-Debitur
completed,Surabaya Pemuda,SME Banking Floor Jember,,Kecil,Pertanian dan Perkebunan,Debitur
completed,Region X    - Sulawesi-Maluku,Palu,15107,Kecil,Lainnya,Non-Debitur
completed,Makassar,SME Banking Floor Palu,,Kecil,Perdagangan,Debitur
completed,Makassar,SME Banking Floor Palu,,Kecil,Industri Pengolahan,Debitur
completed,Malang,SME Banking Center Malang,,Menengah,Perdagangan,Debitur
completed,Surabaya Pemuda,SME Banking Floor Jember,,Kecil,Lainnya,Debitur
completed,Yogyakarta,SME Banking Floor Solo,,Menengah,Industri Pengolahan,Debitur
completed,Region X    - Sulawesi-Maluku,Palu,15105,Kecil,Perdagangan,Non-Debitur
completed,Region X    - Sulawesi-Maluku,Manado,15002,Kecil,Lainnya,Non-Debitur
completed,Yogyakarta,SME Banking Floor Solo,,Kecil,Konstruksi,Debitur
completed,Palembang,SME Banking Floor Bengkulu,,Menengah,Perdagangan,Debitur
completed,Region X    - Sulawesi-Maluku,Manado,15086,Kecil,Lainnya,Non-Debitur
completed,Region X    - Sulawesi-Maluku,Kendari Masjid Agung,16203,Kecil,Lainnya,Non-Debitur
completed,Region X    - Sulawesi-Maluku,Manado,15002,Kecil,Perdagangan,Non-Debitur
completed,Region X    - Sulawesi-Maluku,Manado,15086,Kecil,Perdagangan,Non-Debitur
completed,Region X    - Sulawesi-Maluku,150,15021,Kecil,Perdagangan,Non-Debitur
completed,Region X    - Sulawesi-Maluku,Manado,15000,Kecil,Penyediaan Akomodasi dan Penyediaan Makan Minum,Non-Debitur
completed,Region X    - Sulawesi-Maluku,Manado,15088,Kecil,Perdagangan,Non-Debitur
completed,Yogyakarta,SME Banking Floor Solo,,Kecil,Lainnya,Debitur
completed,Yogyakarta,SME Banking Floor Solo,,Menengah,Pertanian dan Perkebunan,Debitur
completed,Jambi,SME Banking Center Jambi,,Menengah,Industri Pengolahan,Debitur
completed,Region X    - Sulawesi-Maluku,150,15002,Kecil,Pertanian dan Perkebunan,Non-Debitur
completed,Jambi,SME Banking Center Jambi,,Menengah,Pertanian dan Perkebunan,Debitur
completed,Jambi,SME Banking Center Jambi,,Kecil,Penyediaan Akomodasi dan Penyediaan Makan Minum,Debitur
completed,Jambi,SME Banking Center Jambi,,Menengah,Perdagangan,Debitur
completed,Jambi,SME Banking Center Jambi,,Menengah,Pertanian dan Perkebunan,Debitur
completed,Region X    - Sulawesi-Maluku,Manado,15086,Kecil,Perdagangan,Non-Debitur
completed,Jambi,SME Banking Center Jambi,,Kecil,Perdagangan,Debitur
completed,Region X    - Sulawesi-Maluku,Manado,15097,Kecil,Pertanian dan Perkebunan,Non-Debitur
completed,Manado,SME Banking Center Manado,,Kecil,Penyediaan Akomodasi dan Penyediaan Makan Minum,Debitur
completed,Region X    - Sulawesi-Maluku,Palu,15105,Kecil,Perdagangan,Non-Debitur
completed,Jakarta Pulogadung,SME Banking Center Jakarta Pulogadung,,Menengah,Perdagangan,Debitur
completed,Region X    - Sulawesi-Maluku,Manado,15081,Menengah,Perdagangan,Non-Debitur
completed,Jakarta Pulogadung,SME Banking Center Jakarta Pulogadung,,Menengah,Industri Pengolahan,Debitur
completed,Region X    - Sulawesi-Maluku,150,15020,Kecil,Lainnya,Non-Debitur
completed,Region X    - Sulawesi-Maluku,Parepare,17006,Kecil,Konstruksi,Non-Debitur
completed,Region X    - Sulawesi-Maluku,Manado,15017,Kecil,Perdagangan,Non-Debitur
completed,Yogyakarta,SME Banking Floor Solo,,Kecil,Penyediaan Akomodasi dan Penyediaan Makan Minum,Debitur
completed,Region X    - Sulawesi-Maluku,Area Parepare,17008,Kecil,Lainnya,Non-Debitur
completed,Jambi,SME Banking Desk Muara Bungo,,Kecil,Penyediaan Akomodasi dan Penyediaan Makan Minum,Debitur
completed,Yogyakarta,SME Banking Floor Solo,,Kecil,Perdagangan,Debitur
completed,Jambi,SME Banking Center Jambi,,Menengah,Pertanian dan Perkebunan,Debitur
completed,Region X    - Sulawesi-Maluku,Manado,15000,Kecil,Lainnya,Non-Debitur
completed,Region X    - Sulawesi-Maluku,Area Parepare,17015,Kecil,Lainnya,Non-Debitur
completed,Region III  - Jakarta I,Tangerang kisamaun,15507,Kecil,Perdagangan,Non-Debitur
completed,Yogyakarta,SME Banking Floor Solo,,Menengah,Konstruksi,Debitur
completed,Surabaya Niaga,SME Banking Floor Kediri,,Kecil,Lainnya,Debitur
completed,Yogyakarta,SME Banking Floor Solo,,Kecil,Penyediaan Akomodasi dan Penyediaan Makan Minum,Debitur
completed,Region X    - Sulawesi-Maluku,Makassar Ratulangi,17400,Kecil,Perdagangan,Non-Debitur
completed,Region X    - Sulawesi-Maluku,Manado,15007,Kecil,Lainnya,Non-Debitur
completed,Region X    - Sulawesi-Maluku,Palu,15177,Kecil,Perdagangan,Non-Debitur
completed,Region X    - Sulawesi-Maluku,Parepare,17016,Kecil,Perdagangan,Non-Debitur
completed,Region X    - Sulawesi-Maluku,Manado,15007,Kecil,Lainnya,Non-Debitur
completed,Region X    - Sulawesi-Maluku,Palu,15177,Kecil,Perdagangan,Non-Debitur
completed,Region VI   - Jawa I,627,12378,Kecil,Lainnya,Non-Debitur
completed,Region X    - Sulawesi-Maluku,Palu,15111,Kecil,Lainnya,Non-Debitur
completed,Makassar,SME Banking Center Makassar,,Menengah,Lainnya,Debitur
completed,Bandung Asia Afrika,SME Banking Floor Cirebon,,Menengah,Perdagangan,Debitur
completed,Region X    - Sulawesi-Maluku,Palu,15111,Kecil,Penyediaan Akomodasi dan Penyediaan Makan Minum,Non-Debitur
completed,Region X    - Sulawesi-Maluku,Palu,15103,Kecil,Perdagangan,Non-Debitur
completed,Region XI   - Bali-Nusa Tenggara,Kupang,18105,Menengah,Perdagangan,Non-Debitur
completed,Region X    - Sulawesi-Maluku,Palu,15100,Kecil,Lainnya,Non-Debitur
completed,Region X    - Sulawesi-Maluku,Palu,15103,Kecil,Perdagangan,Non-Debitur
completed,Surabaya Niaga,SME Banking Floor Kediri,,Menengah,Perdagangan,Debitur
completed,Yogyakarta,SME Banking Floor Solo,,Menengah,Industri Pengolahan,Debitur
completed,Makassar,SME Banking Floor Palu,,Kecil,Industri Pengolahan,Debitur
completed,Region X    - Sulawesi-Maluku,Manado,15003,Kecil,Perdagangan,Non-Debitur
completed,Region X    - Sulawesi-Maluku,Palu,15107,Kecil,Lainnya,Non-Debitur
completed,Region III  - Jakarta I,Tangerang kisamaun,15527,Kecil,Perdagangan,Non-Debitur
completed,Region X    - Sulawesi-Maluku,Palu,15180,Kecil,Lainnya,Non-Debitur
completed,Jakarta Fatmawati,SME Banking Center Jakarta Fatmawati,,Menengah,Lainnya,Debitur
completed,Region X    - Sulawesi-Maluku,Palu Moh Yamin,15178,Kecil,Industri Pengolahan,Non-Debitur
completed,Region X    - Sulawesi-Maluku,Manado,15083,Kecil,Lainnya,Non-Debitur
completed,Region X    - Sulawesi-Maluku,Parepare,17007,Kecil,Pertanian dan Perkebunan,Non-Debitur
completed,Bandung Asia Afrika,SME Banking Floor Cirebon,,Menengah,Perdagangan,Debitur
completed,Bandung Asia Afrika,SME Banking Floor Karawang,,Menengah,Industri Pengolahan,Debitur
completed,Region X    - Sulawesi-Maluku,Manado,15001,Menengah,Konstruksi,Non-Debitur
completed,Region X    - Sulawesi-Maluku,Palu,15100,Menengah,Perdagangan,Non-Debitur
completed,Region X    - Sulawesi-Maluku,Manado,15010,Kecil,Penyediaan Akomodasi dan Penyediaan Makan Minum,Non-Debitur
completed,Bandung Asia Afrika,SME Banking Floor Cirebon,,Kecil,Pertanian dan Perkebunan,Debitur
completed,Region VI   - Jawa I,Cirebon,13405,Kecil,Perdagangan,Non-Debitur
completed,Bandung Asia Afrika,SME Banking Floor Cirebon,,Menengah,Perdagangan,Debitur
completed,Bandung Surapati,SME Banking Floor Tasikmalaya,,Kecil,Pertanian dan Perkebunan,Debitur
completed,Bandung Asia Afrika,SME Banking Floor Cirebon,,Menengah,Perdagangan,Debitur
completed,Tangerang,SME Banking Center Tangerang,,Menengah,Industri Pengolahan,Debitur
completed,Bandung Asia Afrika,SME Banking Floor Cirebon,,Menengah,Pertanian dan Perkebunan,Debitur
completed,Region X    - Sulawesi-Maluku,Manado,15010,Kecil,Lainnya,Non-Debitur
completed,Bandung Asia Afrika,SME Banking Floor Cirebon,,Menengah,Industri Pengolahan,Debitur
completed,Bandung Asia Afrika,SME Banking Floor Karawang,,Kecil,Pertanian dan Perkebunan,Debitur
completed,Bandung Asia Afrika,SME Banking Floor Cirebon,,Kecil,Industri Pengolahan,Debitur
completed,Region X    - Sulawesi-Maluku,Manado,15001,Menengah,Lainnya,Non-Debitur
completed,Tangerang,SME Banking Center Tangerang,,Kecil,Perdagangan,Debitur
completed,Banjarmasin,SME Banking Floor Palangkaraya,,Menengah,Perdagangan,Debitur
completed,Tangerang,SME Banking Center Tangerang,,Kecil,Penyediaan Akomodasi dan Penyediaan Makan Minum,Debitur
completed,Bandung Asia Afrika,SME Banking Floor Cirebon,,Kecil,Perdagangan,Debitur
completed,Region V    - Jakarta III,Area Jakarta Tebet Supomo,12414,Kecil,Lainnya,Non-Debitur
completed,Region VI   - Jawa I,Cirebon,13410,Kecil,Perdagangan,Non-Debitur
completed,Region X    - Sulawesi-Maluku,Manado,15012,Kecil,Lainnya,Non-Debitur
completed,Region VI   - Jawa I,Cirebon,13491,Kecil,Perdagangan,Non-Debitur
completed,Tangerang,SME Banking Center Tangerang,,Menengah,Perdagangan,Debitur
completed,Region X    - Sulawesi-Maluku,Manado,15085,Kecil,Pertanian dan Perkebunan,Non-Debitur
completed,Bandung Asia Afrika,SME Banking Floor Karawang,,Kecil,Industri Pengolahan,Debitur
completed,Region X    - Sulawesi-Maluku,174,17403,Kecil,Lainnya,Non-Debitur
completed,Region X    - Sulawesi-Maluku,Manado,15091,Kecil,Industri Pengolahan,Non-Debitur
completed,Region X    - Sulawesi-Maluku,Manado,15004,Kecil,Lainnya,Non-Debitur
completed,Bandung Surapati,SME Banking Floor Tasikmalaya,,Kecil,Penyediaan Akomodasi dan Penyediaan Makan Minum,Debitur
completed,Jambi,SME Banking Center Jambi,,Menengah,Perdagangan,Debitur
completed,Region X    - Sulawesi-Maluku,Area Ratulangi,17409,Kecil,Penyediaan Akomodasi dan Penyediaan Makan Minum,Non-Debitur
completed,Region IX   - Kalimantan,Pontianak,14605,Kecil,Perdagangan,Non-Debitur
completed,Region X    - Sulawesi-Maluku,Makassar Sam Ratulangi,17406,Kecil,Lainnya,Non-Debitur
completed,Tangerang,SME Banking Center Tangerang,,Kecil,Perdagangan,Debitur
completed,Region X    - Sulawesi-Maluku,Palu,15109,Kecil,Lainnya,Non-Debitur
completed,Region X    - Sulawesi-Maluku,Manado,15004,Kecil,Perdagangan,Non-Debitur
completed,Pontianak,SME Banking Center Pontianak,,Kecil,Perdagangan,Debitur
completed,Region X    - Sulawesi-Maluku,Palu,15110,Kecil,Perdagangan,Non-Debitur
completed,Jakarta Kebon Sirih,SME Banking Center Jakarta Kebon Sirih,,Kecil,Lainnya,Debitur
completed,Bandung Surapati,SME Banking Floor Tasikmalaya,,Kecil,Pertanian dan Perkebunan,Debitur
completed,Manado,SME Banking Center Manado,,Kecil,Perdagangan,Debitur
completed,Jambi,SME Banking Center Jambi,,Kecil,Perdagangan,Debitur
completed,Bandung Surapati,SME Banking Floor Sukabumi,,Menengah,Pertanian dan Perkebunan,Debitur
completed,Region X    - Sulawesi-Maluku,Manado,15096,Kecil,Pertanian dan Perkebunan,Non-Debitur
completed,Region X    - Sulawesi-Maluku,Manado,15004,Kecil,Lainnya,Non-Debitur
completed,Region X    - Sulawesi-Maluku,Makassar Ratulangi,17402,Kecil,Penyediaan Akomodasi dan Penyediaan Makan Minum,Non-Debitur
completed,Region X    - Sulawesi-Maluku,Palu,15110,Kecil,Lainnya,Non-Debitur
completed,Region IV   - Jakarta II,Jakarta Gambir,11934,Menengah,Perdagangan,Non-Debitur
completed,Region X    - Sulawesi-Maluku,Palu,15179,Kecil,Lainnya,Non-Debitur
completed,Bandung Asia Afrika,SME Banking Floor Karawang,,Kecil,Perdagangan,Debitur
completed,Bandung Surapati,SME Banking Floor Tasikmalaya,,Menengah,Industri Pengolahan,Debitur
completed,Bandung Asia Afrika,SME Banking Floor Karawang,,Kecil,Konstruksi,Debitur
completed,Region X    - Sulawesi-Maluku,Area Makassar Sam Ratulangi,17408,Kecil,Perdagangan,Non-Debitur
completed,Bandung Surapati,SME Banking Floor Sukabumi,,Kecil,Perdagangan,Debitur
completed,Bandung Asia Afrika,SME Banking Floor Karawang,,Menengah,Industri Pengolahan,Debitur
completed,Bandung Asia Afrika,SME Banking Floor Karawang,,Menengah,Konstruksi,Debitur
completed,Bandung Asia Afrika,SME Banking Floor Karawang,,Menengah,Perdagangan,Debitur
completed,Region VI   - Jawa I,Karawang,17361,Menengah,Perdagangan,Non-Debitur
completed,Bandung Surapati,SME Banking Floor Tasikmalaya,,Kecil,Perdagangan,Debitur
completed,Bandung Surapati,SME Banking Floor Tasikmalaya,,Kecil,Perdagangan,Debitur
completed,Region X    - Sulawesi-Maluku,Palu,15179,Kecil,Penyediaan Akomodasi dan Penyediaan Makan Minum,Non-Debitur
completed,Region III  - Jakarta I,Tangerang Ki Samaun,15507,Kecil,Perdagangan,Non-Debitur
completed,Manado,SME Banking Desk Gorontalo,,Kecil,Perdagangan,Debitur
completed,Makassar,SME Banking Center Makassar,,Menengah,Perdagangan,Debitur
completed,Region X    - Sulawesi-Maluku,Area palu,15102,Menengah,Perdagangan,Non-Debitur
completed,Makassar,SME Banking Center Makassar,,Menengah,Perdagangan,Debitur
completed,Region X    - Sulawesi-Maluku,Palu,15102,Kecil,Lainnya,Non-Debitur
completed,Region X    - Sulawesi-Maluku,Makassar Sam Ratulangi,17452,Kecil,Lainnya,Non-Debitur
completed,Makassar,SME Banking Center Makassar,,Kecil,Penyediaan Akomodasi dan Penyediaan Makan Minum,Debitur
completed,Tangerang,SME Banking Center Tangerang,,Menengah,Konstruksi,Debitur
completed,Makassar,SME Banking Center Makassar,,Menengah,Pertanian dan Perkebunan,Debitur
completed,Region X    - Sulawesi-Maluku,Makassar Ratulangi,17400,Kecil,Industri Pengolahan,Non-Debitur
completed,Makassar,SME Banking Center Makassar,,Kecil,Pertanian dan Perkebunan,Debitur
completed,Makassar,SME Banking Center Makassar,,Menengah,Industri Pengolahan,Debitur
completed,Bandung Asia Afrika,SME Banking Floor Cirebon,,Menengah,Perdagangan,Debitur
completed,Makassar,SME Banking Center Makassar,,Kecil,Konstruksi,Debitur
completed,Region X    - Sulawesi-Maluku,Makassar Sam Ratulangi,17400,Kecil,Industri Pengolahan,Non-Debitur
completed,Tangerang,SME Banking Center Tangerang,,Menengah,Lainnya,Debitur
completed,Makassar,SME Banking Center Makassar,,Menengah,Industri Pengolahan,Debitur
completed,Bandung Asia Afrika,SME Banking Floor Cirebon,,Kecil,Industri Pengolahan,Debitur
completed,Tangerang,SME Banking Center Tangerang,,Menengah,Lainnya,Debitur
completed,Makassar,SME Banking Center Makassar,,Kecil,Perdagangan,Debitur
completed,Makassar,SME Banking Center Makassar,,Menengah,Perdagangan,Debitur
completed,Bandung Asia Afrika,SME Banking Floor Cirebon,,Menengah,Perdagangan,Debitur
completed,Makassar,SME Banking Center Makassar,,Menengah,Konstruksi,Debitur
completed,Region X    - Sulawesi-Maluku,Makassar Ratulangi,17403,Kecil,Industri Pengolahan,Non-Debitur
completed,Jakarta Fatmawati,SME Banking Floor Bogor,,Kecil,Perdagangan,Debitur
completed,Bandung Asia Afrika,SME Banking Floor Bandung Braga,,Menengah,Perdagangan,Debitur
completed,Surabaya Pemuda,SME Banking Center Surabaya Pemuda,,Menengah,Perdagangan,Debitur
completed,Region VIII - Jawa III,Surabaya Pemuda,14219,Kecil,Industri Pengolahan,Debitur
completed,Region VI   - Jawa I,Cirebon,13410,Kecil,Perdagangan,Non-Debitur
completed,Surabaya Pemuda,SME Banking Center Surabaya Pemuda,,Kecil,Perdagangan,Debitur
completed,Makassar,SME Banking Center Makassar,,Menengah,Pertanian dan Perkebunan,Debitur
completed,Manado,SME Banking Center Manado,,Menengah,Pertanian dan Perkebunan,Debitur
completed,Surabaya Pemuda,SME Banking Floor Jember,,Kecil,Pertanian dan Perkebunan,Debitur
completed,Makassar,SME Banking Center Makassar,,Menengah,Lainnya,Debitur
completed,Manado,SME Banking Center Manado,,Menengah,Perdagangan,Debitur
completed,Region IV   - Jakarta II,KELAPA GADING,Kelapa gading,Menengah,Lainnya,Non-Debitur
completed,Surabaya Pemuda,SME Banking Floor Surabaya Gentengkali,,Kecil,Perdagangan,Debitur
completed,Region VI   - Jawa I,Cirebon,13403,Menengah,Perdagangan,Non-Debitur
completed,Surabaya Pemuda,SME Banking Center Surabaya Pemuda,,Menengah,Perdagangan,Debitur
completed,Semarang,PURWOKERTO,,Menengah,Lainnya,Debitur
completed,Surabaya Pemuda,SME Banking Floor Surabaya Gentengkali,,Menengah,Pertanian dan Perkebunan,Debitur
completed,Tangerang,SME Banking Center Tangerang,,Kecil,Perdagangan,Debitur
completed,Surabaya Pemuda,SME Banking Center Surabaya Pemuda,,Menengah,Perdagangan,Debitur
completed,Jakarta Fatmawati,SME Banking Center Jakarta Fatmawati,,Menengah,Lainnya,Debitur
completed,Makassar,SME Banking Floor Kendari,,Menengah,Perdagangan,Debitur
completed,Surabaya Pemuda,SME Banking Floor Surabaya Gentengkali,,Menengah,Industri Pengolahan,Debitur
completed,Manado,SME Banking Center Manado,,Menengah,Konstruksi,Debitur
completed,Region X    - Sulawesi-Maluku,Manado,15096,Kecil,Pertanian dan Perkebunan,Non-Debitur
completed,Region XI   - Bali-Nusa Tenggara,Kupang,18100,Menengah,Konstruksi,Non-Debitur
completed,Surabaya Pemuda,SME Banking Center Surabaya Pemuda,,Menengah,Lainnya,Debitur
completed,Jakarta Pulogadung,SME Banking Center Jakarta Pulogadung,,Kecil,Lainnya,Debitur
completed,Surabaya Pemuda,SME Banking Center Surabaya Pemuda,,Kecil,Perdagangan,Debitur
completed,Jakarta Fatmawati,SME Banking Floor Depok,,Menengah,Lainnya,Debitur
completed,Jakarta Pulogadung,SME Banking Center Jakarta Pulogadung,,Kecil,Perdagangan,Debitur
completed,Surabaya Pemuda,SME Banking Center Surabaya Pemuda,,Kecil,Industri Pengolahan,Debitur
completed,Surabaya Pemuda,SME Banking Floor Jember,,Menengah,Pertanian dan Perkebunan,Debitur
completed,Bandung Surapati,SME Banking Center Bandung Surapati,,Kecil,Industri Pengolahan,Debitur
completed,Jakarta Pulogadung,SME Banking Center Jakarta Pulogadung,,Kecil,Lainnya,Debitur
completed,Surabaya Pemuda,SME Banking Center Surabaya Pemuda,,Menengah,Lainnya,Debitur
completed,Bandung Surapati,SME Banking Floor Sukabumi,,Kecil,Penyediaan Akomodasi dan Penyediaan Makan Minum,Debitur
completed,Surabaya Pemuda,SME Banking Center Surabaya Pemuda,,Menengah,Perdagangan,Debitur
completed,Region X    - Sulawesi-Maluku,170,17000,Kecil,Perdagangan,Non-Debitur
completed,Banjarmasin,SME Banking Desk Sampit,,Menengah,Pertanian dan Perkebunan,Debitur
completed,Surabaya Pemuda,SME Banking Center Surabaya Pemuda,,Kecil,Industri Pengolahan,Debitur
completed,Surabaya Pemuda,SME Banking Floor Jember,,Kecil,Perdagangan,Debitur
completed,Region VIII - Jawa III,Surabaya Pemuda,14200,Menengah,Lainnya,Non-Debitur
completed,Banjarmasin,SME Banking Desk Pangkalan Bun,,Menengah,Perdagangan,Debitur
completed,Surabaya Pemuda,SME Banking Center Surabaya Pemuda,,Kecil,Perdagangan,Debitur
completed,Bandung Surapati,SME Banking Floor Tasikmalaya,,Kecil,Industri Pengolahan,Debitur
completed,Banjarmasin,SME Banking Desk Batulicin,,Menengah,Perdagangan,Debitur
completed,Region VIII - Jawa III,SURABAYA PEMUDA,14238,Menengah,Lainnya,Non-Debitur
completed,Bandung Asia Afrika,SME Banking Floor Cirebon,,Kecil,Perdagangan,Debitur
completed,Jakarta Pulogadung,SME Banking Center Jakarta Pulogadung,,Menengah,Perdagangan,Debitur
completed,Region IX   - Kalimantan,Banjarmasin,03111,Menengah,Perdagangan,Non-Debitur
completed,Banjarmasin,SME Banking Desk Pangkalan Bun,,Menengah,Perdagangan,Debitur
completed,Region VIII - Jawa III,Surabaya Pemuda,14206,Menengah,Perdagangan,Non-Debitur
completed,Yogyakarta,SME Banking Floor Solo,,Menengah,Industri Pengolahan,Debitur
completed,Banjarmasin,SME Banking Desk Sampit,,Kecil,Perdagangan,Debitur
completed,Jakarta Pulogadung,SME Banking Center Jakarta Pulogadung,,Menengah,Perdagangan,Debitur
completed,Region VIII - Jawa III,Surabaya Pemuda,14206,Menengah,Lainnya,Non-Debitur
completed,Banjarmasin,SME Banking Desk Sampit,,Menengah,Pertanian dan Perkebunan,Debitur
completed,Banjarmasin,SME Banking Desk Pangkalan Bun,,Menengah,Lainnya,Debitur
completed,Banjarmasin,SME Banking Desk Sampit,,Menengah,Perdagangan,Debitur
completed,Region VIII - Jawa III,Surabaya Pemuda,14279,Menengah,Konstruksi,Debitur
completed,Banjarmasin,SME Banking Floor Palangkaraya,,Kecil,Penyediaan Akomodasi dan Penyediaan Makan Minum,Debitur
completed,Makassar,SME Banking Center Makassar,,Menengah,Perdagangan,Debitur
completed,Region XII  - Papua,Manado,15000,Menengah,Konstruksi,Non-Debitur
completed,Banjarmasin,SME Banking Desk Pangkalan Bun,,Kecil,Lainnya,Debitur
completed,Surabaya Pemuda,SME Banking Center Surabaya Pemuda,,Menengah,Pertanian dan Perkebunan,Debitur
completed,Banjarmasin,SME Banking Desk Sampit,,Menengah,Perdagangan,Debitur
completed,Banjarmasin,SME Banking Floor Palangkaraya,,Menengah,Pertanian dan Perkebunan,Debitur
completed,Region X    - Sulawesi-Maluku,Palu,15187,Kecil,Pertanian dan Perkebunan,Non-Debitur
completed,Region IX   - Kalimantan,PALANGKA RAYA,15900,Kecil,Konstruksi,Non-Debitur
completed,Bandung Asia Afrika,SME Banking Center Bandung Asia Afrika,,Kecil,Industri Pengolahan,Debitur
completed,Region X    - Sulawesi-Maluku,Area Palu,15185,Kecil,Perdagangan,Non-Debitur
completed,Bandung Asia Afrika,SME Banking Center Bandung Asia Afrika,,Menengah,Industri Pengolahan,Debitur
completed,Region X    - Sulawesi-Maluku,Area Palu,15181,Kecil,Perdagangan,Non-Debitur
completed,Bandung Asia Afrika,SME Banking Floor Bandung Braga,,Kecil,Lainnya,Debitur
completed,Region X    - Sulawesi-Maluku,Area Palu,15185,Kecil,Perdagangan,Non-Debitur
completed,Region X    - Sulawesi-Maluku,Palu,15190,Kecil,Perdagangan,Non-Debitur
completed,Banjarmasin,SME Banking Desk Pangkalan Bun,,Menengah,Lainnya,Debitur
completed,Region IX   - Kalimantan,Palangkaraya,15905,Menengah,Pertanian dan Perkebunan,Non-Debitur
completed,Bandung Asia Afrika,SME Banking Floor Bandung Braga,,Kecil,Lainnya,Debitur
completed,Banjarmasin,SME Banking Floor Palangkaraya,,Kecil,Lainnya,Debitur
completed,Bandung Asia Afrika,SME Banking Center Bandung Asia Afrika,,Kecil,Perdagangan,Debitur
completed,Bandung Asia Afrika,SME Banking Center Bandung Asia Afrika,,Kecil,Konstruksi,Debitur
completed,Bandung Asia Afrika,SME Banking Center Bandung Asia Afrika,,Menengah,Perdagangan,Debitur
completed,Region X    - Sulawesi-Maluku,Palu,15190,Kecil,Perdagangan,Non-Debitur
completed,Bandung Asia Afrika,SME Banking Center Bandung Asia Afrika,,Menengah,Industri Pengolahan,Debitur
completed,Bandung Asia Afrika,SME Banking Center Bandung Asia Afrika,,Menengah,Perdagangan,Debitur
completed,Bandung Asia Afrika,SME Banking Floor Bandung Braga,,Menengah,Perdagangan,Debitur
completed,Banjarmasin,SME Banking Desk Pangkalan Bun,,Menengah,Perdagangan,Debitur
completed,Manado,Floor Ambon,,Kecil,Konstruksi,Debitur
completed,Bandung Asia Afrika,SME Banking Floor Bandung Braga,,Kecil,Konstruksi,Debitur
completed,Bandung Asia Afrika,SME Banking Center Bandung Asia Afrika,,Menengah,Konstruksi,Debitur
completed,Bandung Asia Afrika,SME Banking Floor Bandung Braga,,Kecil,Konstruksi,Debitur
completed,Bandung Asia Afrika,SME Banking Floor Bandung Braga,,Kecil,Perdagangan,Debitur
completed,Bandung Asia Afrika,SME Banking Center Bandung Asia Afrika,,Menengah,Perdagangan,Debitur
completed,Makassar,SME Banking Center Makassar,,Menengah,Perdagangan,Debitur
completed,Banjarmasin,SME Banking Desk Sampit,,Menengah,Lainnya,Debitur
completed,Bandung Asia Afrika,SME Banking Center Bandung Asia Afrika,,Kecil,Lainnya,Debitur
completed,Bandung Surapati,SME Banking Floor Tasikmalaya,,Kecil,Perdagangan,Debitur
completed,Region X    - Sulawesi-Maluku,Palu,15186,Kecil,Lainnya,Non-Debitur
completed,Banjarmasin,SME Banking Desk Sampit,,Menengah,Perdagangan,Debitur
completed,Makassar,SME Banking Center Makassar,,Kecil,Perdagangan,Debitur
completed,Region VI   - Jawa I,Bandung Braga,13200,Kecil,Perdagangan,Non-Debitur
completed,Bandung Asia Afrika,SME Banking Floor Bandung Braga,,Menengah,Perdagangan,Debitur
completed,Banjarmasin,SME Banking Floor Palangkaraya,,Kecil,Pertanian dan Perkebunan,Debitur
completed,Banjarmasin,SME Banking Floor Palangkaraya,,Kecil,Pertanian dan Perkebunan,Debitur
completed,Region X    - Sulawesi-Maluku,Palu,15191,Kecil,Konstruksi,Non-Debitur
completed,Region X    - Sulawesi-Maluku,Palu,15186,Kecil,Lainnya,Non-Debitur
completed,Manado,SME Banking Desk Gorontalo,,Menengah,Perdagangan,Debitur
completed,Region X    - Sulawesi-Maluku,170,17006,Kecil,Perdagangan,Non-Debitur
completed,Banjarmasin,SME Banking Floor Palangkaraya,,Menengah,Perdagangan,Debitur
completed,Bandung Asia Afrika,SME Banking Center Bandung Asia Afrika,,Menengah,Lainnya,Debitur
completed,Region IX   - Kalimantan,Palangkaraya,15900,Kecil,Konstruksi,Non-Debitur
completed,Surabaya Pemuda,SME Banking Floor Jember,,Menengah,Industri Pengolahan,Debitur
completed,Denpasar,SME Banking Floor Kuta Raya,,Menengah,Perdagangan,Debitur
completed,Bandung Surapati,SME Banking Floor Tasikmalaya,,Menengah,Pertanian dan Perkebunan,Debitur
completed,Banjarmasin,SME Banking Floor Palangkaraya,,Kecil,Perdagangan,Debitur
completed,Region X    - Sulawesi-Maluku,Makassar Kartini,15225,Kecil,Perdagangan,Non-Debitur
completed,Region X    - Sulawesi-Maluku,Manado,15019,Kecil,Konstruksi,Non-Debitur
completed,Manado,Floor Ambon,,Menengah,Perdagangan,Debitur
completed,Bandung Surapati,SME Banking Floor Tasikmalaya,,Menengah,Industri Pengolahan,Debitur
completed,Denpasar,SME Banking Desk Bima,,Menengah,Perdagangan,Debitur
completed,Region XII  - Papua,AREA SORONG,16000,Kecil,Perdagangan,Non-Debitur
completed,Bandung Asia Afrika,SME Banking Floor Bandung Braga,,Kecil,Penyediaan Akomodasi dan Penyediaan Makan Minum,Debitur
completed,Bandung Surapati,SME Banking Floor Tasikmalaya,,Kecil,Pertanian dan Perkebunan,Debitur
completed,Manado,Ambon,,Kecil,Perdagangan,Debitur
completed,Manado,SME Banking Desk Gorontalo,,Menengah,Industri Pengolahan,Debitur
completed,Region VI   - Jawa I,Area Bandung Braga,13200,Kecil,Lainnya,Non-Debitur
completed,Manado,SME Banking Desk Ternate,,Menengah,Pertanian dan Perkebunan,Debitur
completed,Bandung Asia Afrika,SME Banking Center Bandung Asia Afrika,,Kecil,Konstruksi,Debitur
completed,Denpasar,SME Banking Desk Sumbawa Besar,,Kecil,Perdagangan,Debitur
completed,Denpasar,SME Banking Desk Bima,,Menengah,Perdagangan,Debitur
completed,Bandung Asia Afrika,SME Banking Center Bandung Asia Afrika,,Kecil,Perdagangan,Debitur
completed,Bandung Asia Afrika,SME Banking Floor Bandung Braga,,Kecil,Lainnya,Debitur
completed,Bandung Asia Afrika,SME Banking Center Bandung Asia Afrika,,Menengah,Lainnya,Debitur
completed,Tangerang,SME Banking Floor Gading Serpong,,Menengah,Pertanian dan Perkebunan,Debitur
completed,Region X    - Sulawesi-Maluku,KENDARI,16200,Kecil,Lainnya,Non-Debitur
completed,Bandung Asia Afrika,SME Banking Floor Bandung Braga,,Menengah,Lainnya,Debitur
completed,Surabaya Pemuda,SME Banking Floor Jember,,Kecil,Perdagangan,Debitur
completed,Bandung Asia Afrika,SME Banking Floor Bandung Braga,,Menengah,Perdagangan,Debitur
completed,Bandung Asia Afrika,SME Banking Floor Bandung Braga,,Menengah,Lainnya,Debitur
completed,Banjarmasin,SME Banking Floor Palangkaraya,,Kecil,Pertanian dan Perkebunan,Debitur
completed,Jakarta Pulogadung,SME Banking Center Jakarta Pulogadung,,Kecil,Perdagangan,Debitur
completed,Bandung Asia Afrika,SME Banking Center Bandung Asia Afrika,,Menengah,Lainnya,Debitur
completed,Region IX   - Kalimantan,Palangkaraya,15905,Menengah,Lainnya,Non-Debitur
completed,Denpasar,SME Banking Desk Singaraja,,Menengah,Lainnya,Debitur
completed,Surabaya Pemuda,SME Banking Floor Jember,,Kecil,Industri Pengolahan,Debitur
completed,Region XI   - Bali-Nusa Tenggara,Bima,,Menengah,Perdagangan,Non-Debitur
completed,Bandung Asia Afrika,SME Banking Floor Bandung Braga,,Menengah,Lainnya,Debitur
completed,Surabaya Niaga,SME Banking Floor Gresik,,Menengah,Konstruksi,Debitur
completed,Bandung Asia Afrika,SME Banking Floor Bandung Braga,,Menengah,Perdagangan,Debitur
completed,Bandung Asia Afrika,SME Banking Floor Bandung Braga,,Kecil,Konstruksi,Debitur
completed,Region XI   - Bali-Nusa Tenggara,Kuta Raya,14516,Kecil,Konstruksi,Non-Debitur
completed,Region X    - Sulawesi-Maluku,Manado,15086,Kecil,Perdagangan,Non-Debitur
completed,Region X    - Sulawesi-Maluku,Manado,15086,Kecil,Perdagangan,Non-Debitur
completed,Denpasar,SME Banking Floor Kuta Raya,,Menengah,Industri Pengolahan,Debitur
completed,Region X    - Sulawesi-Maluku,Manado,15086,Kecil,Lainnya,Non-Debitur
completed,Region X    - Sulawesi-Maluku,Manado,15019,Kecil,Konstruksi,Non-Debitur
completed,Denpasar,SME Banking Floor Mataram,,Menengah,Perdagangan,Debitur
completed,Denpasar,SME Banking Desk Singaraja,,Kecil,Perdagangan,Debitur
completed,Region VI   - Jawa I,Braga,13200,Menengah,Industri Pengolahan,Non-Debitur
completed,Denpasar,SME Banking Desk Ruteng,,Menengah,Perdagangan,Debitur
completed,Tangerang,SME Banking Center Tangerang,,Kecil,Lainnya,Debitur
completed,Tangerang,SME Banking Floor Cilegon,,Kecil,Lainnya,Debitur
completed,Region XI   - Bali-Nusa Tenggara,Mataram Cakranegara,,Menengah,Lainnya,Non-Debitur
completed,Bandung Asia Afrika,SME Banking Floor Bandung Braga,,Kecil,Lainnya,Debitur
completed,Region VI   - Jawa I,Braga,13200,Kecil,Perdagangan,Non-Debitur
completed,Bandung Asia Afrika,SME Banking Floor Bandung Braga,,Menengah,Industri Pengolahan,Debitur
completed,Bandung Asia Afrika,SME Banking Floor Bandung Braga,,Menengah,Lainnya,Debitur
completed,Region XI   - Bali-Nusa Tenggara,Mataram Cakranegara,,Kecil,Perdagangan,Non-Debitur
completed,Denpasar,SME Banking Floor Mataram,,Menengah,Perdagangan,Debitur
completed,Banjarmasin,SME Banking Center Banjarmasin,,Menengah,Konstruksi,Debitur
completed,Denpasar,SME Banking Desk Sumbawa Besar,,Kecil,Perdagangan,Debitur
completed,Denpasar,SME Banking Center Denpasar,,Kecil,Konstruksi,Debitur
completed,Manado,Ambon,,Menengah,Lainnya,Debitur
completed,Bandung Asia Afrika,SME Banking Floor Bandung Braga,13200,Kecil,Konstruksi,Debitur
completed,Jakarta Pulogadung,SME Banking Center Jakarta Pulogadung,,Menengah,Lainnya,Debitur
completed,Bandung Asia Afrika,SME Banking Floor Bandung Braga,,Kecil,Konstruksi,Debitur
completed,Region X    - Sulawesi-Maluku,170,17009,Menengah,Lainnya,Non-Debitur
completed,Denpasar,SME Banking Floor Mataram,,Menengah,Perdagangan,Debitur
completed,Region XI   - Bali-Nusa Tenggara,Kuta Raya,17503,Kecil,Perdagangan,Non-Debitur
completed,Bandung Asia Afrika,SME Banking Floor Bandung Braga,,Menengah,Perdagangan,Debitur
completed,Region II   - Sumatra II,Bandar Lampung,11475,Kecil,Lainnya,Non-Debitur
completed,Palembang,SME Banking Floor Bandar Lampung,,Kecil,Konstruksi,Debitur
completed,Denpasar,SME Banking Floor Mataram,,Menengah,Perdagangan,Debitur
completed,Palembang,SME Banking Floor Bengkulu,,Kecil,Industri Pengolahan,Debitur
completed,Denpasar,SME Banking Center Denpasar,,Menengah,Perdagangan,Debitur
completed,Tangerang,SME Banking Floor Gading Serpong,,Kecil,Perdagangan,Debitur
completed,Region II   - Sumatra II,Bandar Lampung,11400,Kecil,Lainnya,Non-Debitur
completed,Palembang,SME Banking Floor Bandar Lampung,,Menengah,Lainnya,Debitur
completed,Palembang,SME Banking Floor Bandar Lampung,,Menengah,Industri Pengolahan,Debitur
completed,Region VI   - Jawa I,Asia Afrika,13000,Kecil,Perdagangan,Non-Debitur
completed,Denpasar,SME Banking Desk Sumbawa Besar,,Kecil,Perdagangan,Debitur
completed,Palembang,SME Banking Floor Bandar Lampung,,Menengah,Lainnya,Debitur
completed,Denpasar,SME Banking Floor Mataram,,Menengah,Perdagangan,Debitur
completed,Region II   - Sumatra II,Bandar Lampung,11400,Kecil,Lainnya,Non-Debitur
completed,Region IX   - Kalimantan,Banjarmasin,03110,Kecil,Lainnya,Non-Debitur
completed,Palembang,SME Banking Desk Tanjung Pandan,,Kecil,Industri Pengolahan,Debitur
completed,Region XI   - Bali-Nusa Tenggara,Mataram Cakranegara,,Menengah,Perdagangan,Non-Debitur
completed,Region X    - Sulawesi-Maluku,Palu,15102,Kecil,Lainnya,Non-Debitur
completed,Region II   - Sumatra II,SBF Bandar Lampung,11477,Kecil,Pertanian dan Perkebunan,Non-Debitur
completed,Region II   - Sumatra II,Bandar Lampung,114000,Kecil,Lainnya,Non-Debitur
completed,Region VI   - Jawa I,Asia Afrika,13009,Kecil,Konstruksi,Non-Debitur
completed,Region II   - Sumatra II,SME Banking Area Bandar Lampung,11400,Kecil,Lainnya,Non-Debitur
completed,Manado,Ambon,,Menengah,Konstruksi,Debitur
completed,Palembang,SME Banking Center Palembang,,Menengah,Industri Pengolahan,Debitur
completed,Makassar,SME Banking Floor Maluku,,Menengah,Pertanian dan Perkebunan,Debitur
completed,Palembang,SME Banking Floor Bandar Lampung,,Menengah,Perdagangan,Debitur
completed,Region XI   - Bali-Nusa Tenggara,Kuta Raya,17506,Kecil,Penyediaan Akomodasi dan Penyediaan Makan Minum,Non-Debitur
completed,Region X    - Sulawesi-Maluku,Area Palu,15102,Kecil,Pertanian dan Perkebunan,Non-Debitur
completed,Palembang,SME Banking Floor Bengkulu,,Menengah,Perdagangan,Debitur
completed,Surabaya Niaga,SME Banking Floor Gresik,,Kecil,Industri Pengolahan,Debitur
completed,Palembang,SME Banking Center Palembang,,Kecil,Penyediaan Akomodasi dan Penyediaan Makan Minum,Debitur
completed,Region VI   - Jawa I,Asia Afrika,13001,Kecil,Perdagangan,Non-Debitur
completed,Palembang,SME Banking Center Palembang,,Menengah,Lainnya,Debitur
completed,Region X    - Sulawesi-Maluku,Palu,15102,Kecil,Lainnya,Non-Debitur
completed,Region XI   - Bali-Nusa Tenggara,Kuta Raya,17506,Kecil,Penyediaan Akomodasi dan Penyediaan Makan Minum,Non-Debitur
completed,Region II   - Sumatra II,Bandar Lampung,114000,Menengah,Perdagangan,Non-Debitur
completed,Region VI   - Jawa I,Asia Afrika,13001,Kecil,Konstruksi,Non-Debitur
completed,Palembang,SME Banking Center Palembang,,Menengah,Perdagangan,Debitur
completed,Region VIII - Jawa III,Surabaya Pemuda,14238,Menengah,Konstruksi,Non-Debitur
completed,Region XI   - Bali-Nusa Tenggara,Singaraja,17506,Kecil,Penyediaan Akomodasi dan Penyediaan Makan Minum,Non-Debitur
completed,Palembang,SME Banking Center Palembang,,Menengah,Pertanian dan Perkebunan,Debitur
completed,Banjarmasin,SME Banking Center Banjarmasin,,Menengah,Lainnya,Debitur
completed,Denpasar,SME Banking Floor Mataram,,Menengah,Pertanian dan Perkebunan,Debitur
completed,Palembang,SME Banking Floor Bengkulu,,Menengah,Lainnya,Debitur
completed,Palembang,SME Banking Floor Bandar Lampung,,Menengah,Perdagangan,Debitur
completed,Region VI   - Jawa I,Asia afrika,13000,Kecil,Konstruksi,Non-Debitur
completed,Banjarmasin,SME Banking Center Banjarmasin,,Kecil,Perdagangan,Debitur
completed,Region VIII - Jawa III,Surabaya Pemuda,14283,Menengah,Industri Pengolahan,Non-Debitur
completed,Region X    - Sulawesi-Maluku,Palu,15102,Kecil,Perdagangan,Non-Debitur
completed,Region XII  - Papua,AREA SORONG,16000,Kecil,Lainnya,Non-Debitur
completed,Region VI   - Jawa I,Asia Afrika,13002,Kecil,Industri Pengolahan,Non-Debitur
completed,Palembang,SME Banking Desk Lubuk Linggau,,Menengah,Perdagangan,Debitur
completed,Region VI   - Jawa I,Asia Afrika,13000,Kecil,Perdagangan,Non-Debitur
completed,Yogyakarta,SME Banking Floor Purwokerto,,Kecil,Industri Pengolahan,Debitur
completed,Denpasar,SME Banking Floor Mataram,,Menengah,Pertanian dan Perkebunan,Debitur
completed,Region X    - Sulawesi-Maluku,Palu,15102,Kecil,Lainnya,Non-Debitur
completed,Region X    - Sulawesi-Maluku,Palu,15102,Kecil,Konstruksi,Non-Debitur
completed,Region VI   - Jawa I,Asia Afrika,13005,Kecil,Lainnya,Non-Debitur
completed,Region X    - Sulawesi-Maluku,Area makassar Kartini,15220,Kecil,Perdagangan,Non-Debitur
completed,Yogyakarta,SME Banking Floor Purwokerto,,Kecil,Lainnya,Debitur
completed,Palembang,SME Banking Center Palembang,,Kecil,Industri Pengolahan,Debitur
completed,Palembang,SME Banking Desk Lubuk Linggau,,Menengah,Pertanian dan Perkebunan,Debitur
completed,Palembang,SME Banking Floor Bandar Lampung,,Menengah,Lainnya,Debitur
completed,Bandung Surapati,SME Banking Floor Sukabumi,,Menengah,Perdagangan,Debitur
completed,Region VI   - Jawa I,Asia Afrika,13011,Kecil,Penyediaan Akomodasi dan Penyediaan Makan Minum,Non-Debitur
completed,Palembang,SME Banking Center Palembang,,Menengah,Konstruksi,Debitur
completed,Manado,SME Banking Floor Maluku,,Menengah,Konstruksi,Debitur
completed,Region XII  - Papua,154,15400,Kecil,Konstruksi,Non-Debitur
completed,Pekanbaru,SME Banking Floor Dumai,,Menengah,Industri Pengolahan,Debitur
completed,Manado,Floor Ambon,,Menengah,Perdagangan,Debitur
completed,Medan,SME Banking Center Medan,,Menengah,Perdagangan,Debitur
completed,Palembang,SME Banking Center Palembang,,Kecil,Pertanian dan Perkebunan,Debitur
completed,Pekanbaru,SME Banking Center Pekanbaru,,Menengah,Lainnya,Debitur
completed,Region XII  - Papua,154,15413,Kecil,Konstruksi,Non-Debitur
completed,Palembang,SME Banking Center Palembang,,Menengah,Konstruksi,Debitur
completed,Manado,SME Banking Floor Maluku,,Kecil,Konstruksi,Debitur
completed,Tangerang,SME Banking Center Tangerang,,Kecil,Industri Pengolahan,Debitur
completed,Medan,SME Banking Center Medan,,Menengah,Pertanian dan Perkebunan,Debitur
completed,Palembang,SME Banking Center Palembang,,Kecil,Perdagangan,Debitur
completed,Tangerang,SME Banking Center Tangerang,,Menengah,Perdagangan,Debitur
completed,Region X    - Sulawesi-Maluku,Palu,15187,Kecil,Lainnya,Non-Debitur
completed,Manado,SME Banking Desk Gorontalo,,Menengah,Perdagangan,Debitur
completed,Tangerang,SME Banking Center Tangerang,,Menengah,Penyediaan Akomodasi dan Penyediaan Makan Minum,Debitur
completed,Makassar,SME Banking Center Makassar,,Menengah,Perdagangan,Debitur
completed,Medan,SME Banking Center Medan,,Menengah,Lainnya,Debitur
completed,Denpasar,SME Banking Floor Kuta Raya,,Kecil,Perdagangan,Debitur
completed,Denpasar,SME Banking Desk Singaraja,,Kecil,Penyediaan Akomodasi dan Penyediaan Makan Minum,Debitur
completed,Denpasar,SME Banking Floor Kuta Raya,,Menengah,Perdagangan,Debitur
completed,Denpasar,SME Banking Center Denpasar,,Kecil,Penyediaan Akomodasi dan Penyediaan Makan Minum,Debitur
completed,Palembang,SME Banking Center Palembang,,Kecil,Pertanian dan Perkebunan,Debitur
completed,Medan,SME Banking Floor Medan Imam Bonjol,,Menengah,Lainnya,Debitur
completed,Denpasar,SME Banking Center Denpasar,,Kecil,Industri Pengolahan,Debitur
completed,Denpasar,SME Banking Floor Kuta Raya,,Menengah,Industri Pengolahan,Debitur
completed,Medan,SME Banking Floor Pematangsiantar,,Menengah,Lainnya,Debitur
completed,Region X    - Sulawesi-Maluku,Palu,15182,Kecil,Pertanian dan Perkebunan,Non-Debitur
completed,Denpasar,SME Banking Center Denpasar,,Menengah,Lainnya,Debitur
completed,Denpasar,SME Banking Center Denpasar,,Kecil,Lainnya,Debitur
completed,Denpasar,SME Banking Floor Mataram,,Kecil,Perdagangan,Debitur
completed,Denpasar,SME Banking Floor Mataram,,Kecil,Penyediaan Akomodasi dan Penyediaan Makan Minum,Debitur
completed,Palembang,SME Banking Center Palembang,,Kecil,Pertanian dan Perkebunan,Debitur
completed,Denpasar,SME Banking Floor Mataram,,Menengah,Industri Pengolahan,Debitur
completed,Region IV   - Jakarta II,Seasoncity,117,Kecil,Lainnya,Non-Debitur
completed,Region X    - Sulawesi-Maluku,Maluku,18612,Menengah,Perdagangan,Non-Debitur
completed,Region X    - Sulawesi-Maluku,Maluku,18600,Kecil,Konstruksi,Non-Debitur
completed,Manado,SME Banking Center Manado,,Menengah,Penyediaan Akomodasi dan Penyediaan Makan Minum,Debitur
completed,Region X    - Sulawesi-Maluku,Maluku,18601,Menengah,Perdagangan,Non-Debitur
completed,Denpasar,SME Banking Center Denpasar,,Menengah,Konstruksi,Debitur
completed,Manado,SME Banking Center Manado,,Menengah,Perdagangan,Debitur
completed,Region X    - Sulawesi-Maluku,Manado,15017,Menengah,Perdagangan,Non-Debitur
completed,Manado,SME Banking Center Manado,,Menengah,Industri Pengolahan,Debitur
completed,Region X    - Sulawesi-Maluku,Manado,15000,Menengah,Industri Pengolahan,Non-Debitur
completed,Manado,SME Banking Center Manado,,Kecil,Perdagangan,Debitur
completed,Manado,SME Banking Center Manado,,Kecil,Penyediaan Akomodasi dan Penyediaan Makan Minum,Debitur
completed,Denpasar,SME Banking Center Denpasar,,Kecil,Industri Pengolahan,Debitur
completed,Denpasar,SME Banking Center Denpasar,,Kecil,Industri Pengolahan,Debitur
completed,Denpasar,SME Banking Center Denpasar,,Kecil,Penyediaan Akomodasi dan Penyediaan Makan Minum,Debitur
completed,Denpasar,SME Banking Center Denpasar,,Menengah,Industri Pengolahan,Debitur
completed,Jakarta Pulogadung,SME Banking Center Jakarta Pulogadung,,Kecil,Perdagangan,Debitur
completed,Denpasar,SME Banking Floor Kuta Raya,,Menengah,Perdagangan,Debitur
completed,Denpasar,SME Banking Floor Kupang,,Menengah,Perdagangan,Debitur
completed,Bandung Asia Afrika,SME Banking Center Bandung Asia Afrika,,Kecil,Perdagangan,Debitur
completed,Bandung Asia Afrika,SME Banking Center Bandung Asia Afrika,,Kecil,Konstruksi,Debitur
completed,Bandung Asia Afrika,SME Banking Center Bandung Asia Afrika,,Kecil,Konstruksi,Debitur
completed,Bandung Asia Afrika,SME Banking Center Bandung Asia Afrika,,Menengah,Perdagangan,Debitur
completed,Makassar,SME Banking Center Makassar,,Kecil,Perdagangan,Debitur
completed,Bandung Asia Afrika,SME Banking Center Bandung Asia Afrika,,Kecil,Lainnya,Debitur
completed,Bandung Asia Afrika,SME Banking Center Bandung Asia Afrika,,Menengah,Konstruksi,Debitur
completed,Pontianak,SME Banking Center Pontianak,,Kecil,Lainnya,Debitur
completed,Jakarta Pulogadung,SME Banking Center Jakarta Pulogadung,,Menengah,Perdagangan,Debitur
completed,Jakarta Pulogadung,SME Banking Center Jakarta Pulogadung,,Menengah,Lainnya,Debitur
completed,Denpasar,SME Banking Floor Kuta Raya,,Menengah,Perdagangan,Debitur
completed,Jambi,SME Banking Center Jambi,,Menengah,Perdagangan,Debitur
completed,Denpasar,SME Banking Floor Kuta Raya,,Menengah,Penyediaan Akomodasi dan Penyediaan Makan Minum,Debitur
completed,Jakarta Pulogadung,SME Banking Center Jakarta Pulogadung,,Kecil,Perdagangan,Debitur
completed,Region XI   - Bali-Nusa Tenggara,Denpasar,14528,Kecil,Konstruksi,Non-Debitur
completed,Jambi,SME Banking Floor Padang,,Menengah,Lainnya,Debitur
completed,Semarang,SME Banking Floor Tegal,,Kecil,Penyediaan Akomodasi dan Penyediaan Makan Minum,Debitur
completed,Semarang,SME Banking Floor Tegal,,Menengah,Industri Pengolahan,Debitur
completed,Region XI   - Bali-Nusa Tenggara,Denpasar,14516,Kecil,Lainnya,Non-Debitur
completed,Denpasar,SME Banking Floor Kupang,,Menengah,Pertanian dan Perkebunan,Debitur
completed,Region XI   - Bali-Nusa Tenggara,Denpasar,14501,Kecil,Lainnya,Non-Debitur
completed,Denpasar,SME Banking Floor Kupang,,Menengah,Perdagangan,Debitur
completed,Denpasar,SME Banking Floor Kuta Raya,,Menengah,Industri Pengolahan,Debitur
completed,Region XI   - Bali-Nusa Tenggara,Denpasar,14534,Kecil,Konstruksi,Non-Debitur
completed,Region XI   - Bali-Nusa Tenggara,Denpasar,14516,Kecil,Industri Pengolahan,Non-Debitur
completed,Region XI   - Bali-Nusa Tenggara,Denpasar,14503,Kecil,Konstruksi,Non-Debitur
completed,Denpasar,SME Banking Floor Kuta Raya,,Menengah,Industri Pengolahan,Debitur
completed,Denpasar,SME Banking Floor Kuta Raya,,Menengah,Konstruksi,Debitur
completed,Denpasar,SME Banking Floor Kuta Raya,,Menengah,Penyediaan Akomodasi dan Penyediaan Makan Minum,Debitur
completed,Region IV   - Jakarta II,119,11900,Kecil,Lainnya,Non-Debitur
completed,Region IV   - Jakarta II,119,11900,Kecil,Lainnya,Non-Debitur
completed,Region III  - Jakarta I,Area Jakarta Daanmogot,11800,Kecil,Lainnya,Non-Debitur
completed,Region IV   - Jakarta II,119,11900,Kecil,Lainnya,Non-Debitur
completed,Region IV   - Jakarta II,119,11900,Kecil,Perdagangan,Non-Debitur
completed,Denpasar,SME Banking Desk Bima,,Menengah,Perdagangan,Debitur
completed,Denpasar,SME Banking Center Denpasar,,Kecil,Lainnya,Debitur
completed,Jakarta Pulogadung,SME Banking Center Jakarta Pulogadung,,Menengah,Perdagangan,Debitur
completed,Region IV   - Jakarta II,119,11900,Kecil,Perdagangan,Non-Debitur
completed,Semarang,SME Banking Floor Tegal,,Kecil,Lainnya,Debitur
completed,Region IV   - Jakarta II,119,11900,Kecil,Lainnya,Non-Debitur
completed,Region IV   - Jakarta II,119,11900,Kecil,Perdagangan,Non-Debitur
completed,Region IV   - Jakarta II,119,11900,Kecil,Lainnya,Non-Debitur
completed,Jakarta Pulogadung,SME Banking Center Jakarta Pulogadung,,Menengah,Perdagangan,Debitur
completed,Denpasar,SME Banking Center Denpasar,,Menengah,Konstruksi,Debitur
completed,Denpasar,SME Banking Center Denpasar,,Kecil,Lainnya,Debitur
completed,Denpasar,SME Banking Desk Singaraja,,Kecil,Perdagangan,Debitur
completed,Region XI   - Bali-Nusa Tenggara,Kuta Raya,17506,Kecil,Konstruksi,Non-Debitur
completed,Pontianak,SME Banking Center Pontianak,,Kecil,Pertanian dan Perkebunan,Debitur
completed,Yogyakarta,SME Banking Floor Purwokerto,,Menengah,Perdagangan,Debitur
completed,Yogyakarta,SME Banking Center Yogyakarta,,Kecil,Perdagangan,Debitur
completed,Yogyakarta,SME Banking Center Yogyakarta,,Kecil,Pertanian dan Perkebunan,Debitur
completed,Yogyakarta,SME Banking Floor Purwokerto,,Kecil,Lainnya,Debitur
completed,Pekanbaru,SME Banking Floor Batam,,Menengah,Perdagangan,Debitur
completed,Palembang,SME Banking Center Palembang,,Menengah,Pertanian dan Perkebunan,Debitur
completed,Pekanbaru,SME Banking Floor Batam,,Menengah,Perdagangan,Debitur
completed,Palembang,SME Banking Floor Bandar Lampung,,Menengah,Perdagangan,Debitur
completed,Jakarta Pulogadung,SME Banking Center Jakarta Pulogadung,,Menengah,Perdagangan,Debitur
completed,Palembang,SME Banking Floor Bandar Lampung,,Kecil,Penyediaan Akomodasi dan Penyediaan Makan Minum,Debitur
completed,Palembang,SME Banking Floor Bandar Lampung,,Menengah,Industri Pengolahan,Debitur
completed,Region II   - Sumatra II,Bengkulu,17903,Kecil,Lainnya,Non-Debitur
completed,Palembang,SME Banking Floor Bandar Lampung,,Kecil,Perdagangan,Debitur
completed,Region II   - Sumatra II,Bandar Lampung,11403,Menengah,Industri Pengolahan,Non-Debitur
completed,Palembang,SME Banking Floor Bandar Lampung,,Kecil,Pertanian dan Perkebunan,Debitur
completed,Palembang,SME Banking Floor Bandar Lampung,,Menengah,Perdagangan,Debitur
completed,Palembang,SME Banking Floor Bandar Lampung,,Menengah,Lainnya,Debitur
completed,Palembang,SME Banking Floor Bandar Lampung,,Menengah,Perdagangan,Debitur
completed,Palembang,SME Banking Floor Bandar Lampung,,Menengah,Perdagangan,Debitur
completed,Palembang,SME Banking Floor Bandar Lampung,,Menengah,Konstruksi,Debitur
completed,Palembang,SME Banking Floor Pangkalpinang,,Menengah,Konstruksi,Debitur
completed,Region II   - Sumatra II,Pangkalpinang,16900,Menengah,Industri Pengolahan,Non-Debitur
completed,Region II   - Sumatra II,Pangkalpinang,16900,Menengah,Industri Pengolahan,Non-Debitur
completed,Region II   - Sumatra II,Pangkalpinang,16900,Menengah,Pertanian dan Perkebunan,Non-Debitur
completed,Palembang,SME Banking Floor Pangkalpinang,,Menengah,Pertanian dan Perkebunan,Debitur
completed,Palembang,SME Banking Floor Pangkalpinang,,Menengah,Pertanian dan Perkebunan,Debitur
completed,Palembang,SME Banking Floor Bengkulu,,Menengah,Perdagangan,Debitur
completed,Palembang,SME Banking Floor Pangkalpinang,,Menengah,Perdagangan,Debitur
completed,Palembang,SME Banking Floor Pangkalpinang,,Kecil,Perdagangan,Debitur
completed,Palembang,SME Banking Floor Pangkalpinang,,Kecil,Perdagangan,Debitur
completed,Palembang,SME Banking Floor Pangkalpinang,,Menengah,Perdagangan,Debitur
completed,Palembang,SME Banking Floor Pangkalpinang,,Menengah,Perdagangan,Debitur
completed,Palembang,SME Banking Floor Pangkalpinang,,Menengah,Perdagangan,Debitur
completed,Region IX   - Kalimantan,Samarinda,14801,Kecil,Perdagangan,Non-Debitur
completed,Region IX   - Kalimantan,Samarinda,14801,Kecil,Perdagangan,Non-Debitur
completed,Region IX   - Kalimantan,Samarinda,14801,Kecil,Perdagangan,Non-Debitur
completed,Pekanbaru,SME Banking Center Pekanbaru,,Menengah,Perdagangan,Debitur
completed,Pekanbaru,SME Banking Center Pekanbaru,,Menengah,Perdagangan,Debitur
completed,Jakarta Pulogadung,SME Banking Center Jakarta Pulogadung,,Kecil,Perdagangan,Debitur
completed,Jakarta Pulogadung,SME Banking Center Jakarta Pulogadung,,Menengah,Perdagangan,Debitur
completed,Jakarta Pulogadung,SME Banking Center Jakarta Pulogadung,,Kecil,Perdagangan,Debitur
completed,Jakarta Pulogadung,SME Banking Center Jakarta Pulogadung,,Kecil,Lainnya,Debitur
completed,Jakarta Pulogadung,SME Banking Center Jakarta Pulogadung,,Kecil,Perdagangan,Debitur
completed,Jakarta Pulogadung,SME Banking Center Jakarta Pulogadung,,Kecil,Lainnya,Debitur
completed,Bandung Surapati,SME Banking Center Bandung Surapati,,Kecil,Konstruksi,Debitur
completed,Jakarta Pulogadung,SME Banking Center Jakarta Pulogadung,,Kecil,Perdagangan,Debitur
completed,Medan,SME Banking Desk Sibolga,,Menengah,Pertanian dan Perkebunan,Debitur
completed,Jakarta Pulogadung,SME Banking Center Jakarta Pulogadung,,Menengah,Lainnya,Debitur
completed,Jakarta Pulogadung,SME Banking Center Jakarta Pulogadung,,Menengah,Lainnya,Debitur
completed,Medan,SME Banking Center Medan,,Menengah,Konstruksi,Debitur
completed,Medan,SME Banking Center Medan,,Menengah,Lainnya,Debitur
completed,Medan,SME Banking Center Medan,,Menengah,Lainnya,Debitur
completed,Region VII  - Jawa II,Semarang Pemuda,13524,Kecil,Perdagangan,Non-Debitur
completed,Region VII  - Jawa II,Area Semarang Pemuda,13511,Kecil,Perdagangan,Debitur
completed,Region VII  - Jawa II,Area Semarang Pemuda,13503,Menengah,Lainnya,Non-Debitur
completed,Region VII  - Jawa II,AREA SEMARANG PEMUDA,13591,Kecil,Pertanian dan Perkebunan,Non-Debitur
completed,Region VII  - Jawa II,AREA SEMARANG PEMUDA,13504,Kecil,Lainnya,Non-Debitur
completed,Semarang,SME Banking Floor Semarang Pemuda,,Menengah,Konstruksi,Debitur
completed,Semarang,SME Banking Floor Semarang Pemuda,,Menengah,Perdagangan,Debitur
completed,Semarang,SME Banking Floor Semarang Pemuda,,Kecil,Lainnya,Debitur
completed,Semarang,SME Banking Floor Semarang Pemuda,,Kecil,Perdagangan,Debitur
completed,Semarang,SME Banking Floor Semarang Pemuda,,Menengah,Konstruksi,Debitur
completed,Semarang,SME Banking Floor Semarang Pemuda,,Menengah,Konstruksi,Debitur
completed,Region VII  - Jawa II,AREA SEMARANG PEMUDA,13583,Kecil,Lainnya,Non-Debitur
completed,Semarang,SME Banking Floor Semarang Pemuda,,Menengah,Konstruksi,Debitur
completed,Jakarta Pulogadung,SME Banking Center Jakarta Pulogadung,,Menengah,Perdagangan,Debitur
completed,Jakarta Pulogadung,SME Banking Center Jakarta Pulogadung,,Kecil,Lainnya,Debitur
completed,Jakarta Pulogadung,SME Banking Center Jakarta Pulogadung,,Kecil,Perdagangan,Debitur
completed,Semarang,SME Banking Floor Semarang Pemuda,,Menengah,Konstruksi,Debitur
completed,Bandung Surapati,SME Banking Center Bandung Surapati,,Menengah,Lainnya,Debitur
completed,Bandung Surapati,SME Banking Center Bandung Surapati,,Menengah,Industri Pengolahan,Debitur
completed,Semarang,SME Banking Center Semarang,,Kecil,Penyediaan Akomodasi dan Penyediaan Makan Minum,Debitur
completed,Bandung Surapati,SME Banking Center Bandung Surapati,,Menengah,Perdagangan,Debitur
completed,Bandung Surapati,SME Banking Center Bandung Surapati,,Kecil,Industri Pengolahan,Debitur
completed,Bandung Surapati,SME Banking Center Bandung Surapati,,Menengah,Industri Pengolahan,Debitur
completed,Semarang,SME Banking Floor Semarang Pemuda,,Kecil,Konstruksi,Debitur
completed,Region VII  - Jawa II,AREA SEMARANG PEMUDA,13502,Kecil,Penyediaan Akomodasi dan Penyediaan Makan Minum,Non-Debitur
completed,Jakarta Melawai,SME Banking Center Jakarta Melawai,,Kecil,Lainnya,Debitur
completed,Jakarta Melawai,SME Banking Center Jakarta Melawai,,Menengah,Lainnya,Debitur
completed,Jakarta Melawai,SME Banking Center Jakarta Melawai,,Kecil,Industri Pengolahan,Debitur
completed,Bekasi,SME Banking Center Bekasi,,Menengah,Industri Pengolahan,Debitur
completed,Jakarta Wijaya Kusuma,SME Banking Center Jakarta Wijaya Kusuma,,Menengah,Perdagangan,Debitur
completed,Jakarta Melawai,SME Banking Center Jakarta Melawai,,Menengah,Perdagangan,Debitur
completed,Jakarta Wijaya Kusuma,SME Banking Center Jakarta Wijaya Kusuma,,Menengah,Lainnya,Debitur
completed,Region I    - Sumatra I,Area Medan Balaikota,10617,Kecil,Lainnya,Non-Debitur
completed,Region I    - Sumatra I,Area Medan Balaikota,10617,Kecil,Perdagangan,Non-Debitur
completed,Samarinda,SME Banking Center Samarinda,,Menengah,Perdagangan,Debitur
completed,Pekanbaru,SME Banking Center Pekanbaru,,Menengah,Konstruksi,Debitur
completed,Jakarta Wijaya Kusuma,SME Banking Center Jakarta Wijaya Kusuma,,Menengah,Lainnya,Debitur
completed,Pekanbaru,SME Banking Center Pekanbaru,,Menengah,Lainnya,Debitur
completed,Jakarta Kebon Sirih,SME Banking Center Jakarta Kebon Sirih,,Menengah,Perdagangan,Debitur
completed,Tangerang,SME Banking Center Tangerang,,Menengah,Lainnya,Debitur
completed,Tangerang,SME Banking Center Tangerang,,Kecil,Lainnya,Debitur
completed,Tangerang,SME Banking Center Tangerang,,Kecil,Penyediaan Akomodasi dan Penyediaan Makan Minum,Debitur
completed,Region VIII - Jawa III,Area Malang,14400,Kecil,Industri Pengolahan,Non-Debitur
completed,Region VIII - Jawa III,Area Madiun,18701,Kecil,Lainnya,Non-Debitur
completed,Tangerang,SME Banking Floor Cilegon,,Kecil,Industri Pengolahan,Debitur
completed,Tangerang,SME Banking Floor Cilegon,,Kecil,Perdagangan,Debitur
completed,Region VIII - Jawa III,Madiun,18718,Kecil,Perdagangan,Non-Debitur
completed,Tangerang,SME Banking Floor Cilegon,,Kecil,Lainnya,Debitur
completed,Tangerang,SME Banking Floor Cilegon,,Kecil,Lainnya,Debitur
